{
    "SVM": {
        "train": [
            1.0,
            1.0,
            1.0,
            1.0,
            1.0,
            1.0,
            1.0,
            1.0,
            1.0,
            1.0,
            1.0,
            1.0,
            1.0,
            1.0,
            1.0,
            1.0,
            1.0,
            1.0,
            1.0,
            1.0,
            1.0,
            0.9855072463768116,
            0.9855072463768116,
            1.0,
            1.0,
            1.0,
            1.0,
            1.0,
            1.0,
            1.0,
            1.0,
            1.0,
            1.0,
            1.0,
            1.0,
            1.0,
            1.0,
            1.0,
            1.0,
            1.0,
            1.0,
            1.0,
            1.0,
            1.0,
            1.0,
            1.0,
            1.0,
            1.0,
            1.0,
            1.0,
            1.0,
            1.0,
            1.0,
            1.0,
            1.0,
            1.0,
            1.0,
            1.0,
            1.0,
            1.0,
            1.0,
            0.9857142857142858,
            0.9857142857142858,
            1.0,
            0.9857142857142858,
            1.0,
            1.0,
            1.0,
            1.0,
            1.0,
            1.0,
            1.0,
            0.9855072463768116,
            1.0,
            0.9855072463768116,
            1.0,
            1.0,
            0.9855072463768116,
            1.0,
            0.9855072463768116,
            1.0,
            1.0,
            1.0,
            1.0,
            1.0,
            1.0,
            1.0,
            1.0,
            1.0,
            1.0,
            1.0,
            1.0,
            0.9855072463768116,
            1.0,
            1.0,
            1.0,
            1.0,
            1.0,
            1.0,
            1.0
        ],
        "test": [
            0.16666666666666666,
            0.1,
            0.2,
            0.16666666666666666,
            0.4,
            0.4,
            0.13333333333333333,
            0.2,
            0.23333333333333334,
            0.13333333333333333,
            0.23333333333333334,
            0.2,
            0.43333333333333335,
            0.36666666666666664,
            0.3333333333333333,
            0.3,
            0.3,
            0.23333333333333334,
            0.3,
            0.3,
            0.3,
            0.2,
            0.2,
            0.4,
            0.43333333333333335,
            0.4,
            0.23333333333333334,
            0.26666666666666666,
            0.3,
            0.3333333333333333,
            0.13333333333333333,
            0.16666666666666666,
            0.23333333333333334,
            0.2,
            0.43333333333333335,
            0.36666666666666664,
            0.2,
            0.2,
            0.3333333333333333,
            0.43333333333333335,
            0.23333333333333334,
            0.26666666666666666,
            0.2,
            0.26666666666666666,
            0.26666666666666666,
            0.26666666666666666,
            0.1,
            0.3,
            0.4,
            0.26666666666666666,
            0.2,
            0.2,
            0.16666666666666666,
            0.23333333333333334,
            0.16666666666666666,
            0.23333333333333334,
            0.26666666666666666,
            0.26666666666666666,
            0.23333333333333334,
            0.26666666666666666,
            0.26666666666666666,
            0.2,
            0.26666666666666666,
            0.23333333333333334,
            0.4,
            0.3,
            0.43333333333333335,
            0.26666666666666666,
            0.3,
            0.26666666666666666,
            0.23333333333333334,
            0.26666666666666666,
            0.23333333333333334,
            0.43333333333333335,
            0.36666666666666664,
            0.23333333333333334,
            0.3333333333333333,
            0.23333333333333334,
            0.2,
            0.23333333333333334,
            0.2,
            0.13333333333333333,
            0.23333333333333334,
            0.3,
            0.23333333333333334,
            0.36666666666666664,
            0.13333333333333333,
            0.16666666666666666,
            0.3333333333333333,
            0.23333333333333334,
            0.3,
            0.23333333333333334,
            0.26666666666666666,
            0.43333333333333335,
            0.36666666666666664,
            0.23333333333333334,
            0.13333333333333333,
            0.3,
            0.36666666666666664,
            0.23333333333333334
        ]
    },
    "LogReg": {
        "train": [
            1.0,
            1.0,
            1.0,
            1.0,
            1.0,
            1.0,
            1.0,
            1.0,
            1.0,
            1.0,
            1.0,
            1.0,
            1.0,
            1.0,
            1.0,
            1.0,
            1.0,
            1.0,
            1.0,
            1.0,
            1.0,
            1.0,
            1.0,
            1.0,
            1.0,
            1.0,
            1.0,
            1.0,
            1.0,
            1.0,
            1.0,
            1.0,
            1.0,
            1.0,
            1.0,
            1.0,
            1.0,
            1.0,
            1.0,
            1.0,
            1.0,
            1.0,
            1.0,
            1.0,
            1.0,
            1.0,
            1.0,
            1.0,
            1.0,
            1.0,
            1.0,
            1.0,
            1.0,
            1.0,
            1.0,
            1.0,
            1.0,
            1.0,
            1.0,
            1.0,
            1.0,
            1.0,
            1.0,
            1.0,
            1.0,
            1.0,
            1.0,
            1.0,
            1.0,
            1.0,
            1.0,
            1.0,
            1.0,
            1.0,
            1.0,
            1.0,
            1.0,
            1.0,
            1.0,
            1.0,
            1.0,
            1.0,
            1.0,
            1.0,
            1.0,
            1.0,
            1.0,
            1.0,
            1.0,
            1.0,
            1.0,
            1.0,
            1.0,
            1.0,
            1.0,
            1.0,
            1.0,
            1.0,
            1.0,
            1.0
        ],