{
    "SVM": {
        "train": [
            1.0,
            1.0,
            1.0,
            1.0,
            1.0,
            1.0,
            1.0,
            1.0,
            1.0,
            1.0,
            0.9428571428571428,
            0.9714285714285714,
            0.9714285714285714,
            0.9714285714285714,
            0.9714285714285714,
            1.0,
            1.0,
            0.9428571428571428,
            0.9714285714285714,
            1.0,
            1.0,
            1.0,
            1.0,
            1.0,
            1.0,
            1.0,
            1.0,
            0.8823529411764706,
            0.9117647058823529,
            0.9411764705882353,
            1.0,
            0.9705882352941176,
            0.9705882352941176,
            0.9705882352941176,
            1.0,
            0.9714285714285714,
            1.0,
            1.0,
            1.0,
            1.0,
            0.9714285714285714,
            0.9142857142857143,
            0.9714285714285714,
            0.9714285714285714,
            0.9428571428571428,
            1.0,
            1.0,
            1.0,
            1.0,
            1.0,
            1.0,
            1.0,
            1.0,
            1.0,
            1.0,
            1.0,
            1.0,
            1.0,
            1.0,
            1.0,
            1.0,
            1.0,
            1.0,
            0.9714285714285714,
            1.0,
            0.9705882352941176,
            1.0,
            1.0,
            1.0,
            0.9705882352941176,
            1.0,
            1.0,
            1.0,
            1.0,
            1.0,
            1.0,
            0.9411764705882353,
            1.0,
            1.0,
            0.9705882352941176,
            1.0,
            1.0,
            1.0,
            1.0,
            1.0,
            0.9142857142857143,
            0.9142857142857143,
            0.9714285714285714,
            0.9142857142857143,
            0.9142857142857143,
            1.0,
            0.9428571428571428,
            1.0,
            1.0,
            0.9714285714285714,
            1.0,
            1.0,
            1.0,
            1.0,
            1.0
        ],
        "test": [
            0.4,
            0.4666666666666667,
            0.4666666666666667,
            0.5333333333333333,
            0.2,
            0.26666666666666666,
            0.2,
            0.3333333333333333,
            0.4666666666666667,
            0.3333333333333333,
            0.4666666666666667,
            0.4,
            0.6,
            0.6666666666666666,
            0.2,
            0.6,
            0.5333333333333333,
            0.4,
            0.5333333333333333,
            0.5333333333333333,
            0.26666666666666666,
            0.26666666666666666,
            0.26666666666666666,
            0.3333333333333333,
            0.4666666666666667,
            0.4666666666666667,
            0.6,
            0.4,
            0.4666666666666667,
            0.6,
            0.4,
            0.4666666666666667,
            0.6666666666666666,
            0.5333333333333333,
            0.7333333333333333,
            0.13333333333333333,
            0.3333333333333333,
            0.4666666666666667,
            0.3333333333333333,
            0.4666666666666667,
            0.6666666666666666,
            0.3333333333333333,
            0.3333333333333333,
            0.3333333333333333,
            0.4666666666666667,
            0.3333333333333333,
            0.2,
            0.4666666666666667,
            0.4,
            0.26666666666666666,
            0.2,
            0.13333333333333333,
            0.26666666666666666,
            0.26666666666666666,
            0.26666666666666666,
            0.26666666666666666,
            0.06666666666666667,
            0.5333333333333333,
            0.4,
            0.4,
            0.4,
            0.4,
            0.4666666666666667,
            0.3333333333333333,
            0.4,
            0.5333333333333333,
            0.6,
            0.4666666666666667,
            0.6666666666666666,
            0.5333333333333333,
            0.2,
            0.3333333333333333,
            0.3333333333333333,
            0.26666666666666666,
            0.2,
            0.3333333333333333,
            0.4666666666666667,
            0.5333333333333333,
            0.3333333333333333,
            0.4,
            0.2,
            0.06666666666666667,
            0.13333333333333333,
            0.4,
            0.3333333333333333,
            0.26666666666666666,
            0.3333333333333333,
            0.5333333333333333,
            0.3333333333333333,
            0.3333333333333333,
            0.5333333333333333,
            0.26666666666666666,
            0.26666666666666666,
            0.4666666666666667,
            0.4,
            0.3333333333333333,
            0.4666666666666667,
            0.3333333333333333,
            0.3333333333333333,
            0.3333333333333333
        ]
    },
    "LogReg": {
        "train": [
            1.0,
            1.0,
            1.0,
            1.0,
            1.0,
            1.0,
            1.0,
            1.0,
            1.0,
            1.0,
            1.0,
            1.0,
            1.0,
            1.0,
            1.0,
            1.0,
            1.0,
            1.0,
            1.0,
            1.0,
            1.0,
            1.0,
            1.0,
            1.0,
            1.0,
            1.0,
            1.0,
            1.0,
            1.0,
            1.0,
            1.0,
            1.0,
            1.0,
            1.0,
            1.0,
            1.0,
            1.0,
            1.0,
            1.0,
            1.0,
            1.0,
            1.0,
            1.0,
            1.0,
            1.0,
            1.0,
            1.0,
            1.0,
            1.0,
            1.0,
            1.0,
            1.0,
            1.0,
            1.0,
            1.0,
            1.0,
            1.0,
            1.0,
            1.0,
            1.0,
            1.0,
            1.0,
            1.0,
            1.0,
            1.0,
            1.0,
            1.0,
            1.0,
            1.0,
            1.0,
            1.0,
            1.0,
            1.0,
            1.0,
            1.0,
            1.0,
            1.0,
            1.0,
            1.0,
            1.0,
            1.0,
            1.0,
            1.0,
            1.0,
            1.0,
            1.0,
            1.0,
            1.0,
            1.0,
            1.0,
            1.0,
            1.0,
            1.0,
            1.0,
            1.0,
            1.0,
            1.0,
            1.0,
            1.0,
            1.0
        ],